course_slug,course_label,query,title,url,description
machine-learning,ML,"reddit OMSCS ""CS 7641""",r/OMSCS on Reddit: CS 7641: Machine Learning Preparation,https://www.reddit.com/r/OMSCS/comments/1k5ist9/cs_7641_machine_learning_preparation/,"17 votes, 27 comments. Hey Guys, I&#x27;m taking Machine Learning this summer and wanted to get a head start before the semester begins. I looked at the…"
machine-learning,ML,"reddit OMSCS ""CS 7641""",r/OMSCS on Reddit: Should I Take CS 7641 (Machine Learning) or CS 6601 (AI) First?,https://www.reddit.com/r/OMSCS/comments/1ij5mcn/should_i_take_cs_7641_machine_learning_or_cs_6601/,"r/OMSCS • 1y ago · AymenFinTech · CS 7641 ML · Hey everyone, I’m trying to figure out whether to take CS 7641 (Machine Learning) or CS 6601 (Artificial Intelligence) first. For those who have taken both, does the order matter? Would taking one first make the other easier?"
machine-learning,ML,"reddit OMSCS ""CS 7641""",r/OMSCS on Reddit: Is it still easy to get a B in CS 7641 Machine Learning?,https://www.reddit.com/r/OMSCS/comments/1b3kaeb/is_it_still_easy_to_get_a_b_in_cs_7641_machine/,"35 votes, 23 comments. Debating on withdrawing from CS 7641. I remember from the grade distribution that the vast majority of folks got Bs that took…"
machine-learning,ML,"reddit OMSCS ""CS 7641""",r/OMSCS on Reddit: How to succeed at CS-7641 without really trying,https://www.reddit.com/r/OMSCS/comments/yqqmwk/how_to_succeed_at_cs7641_without_really_trying/,"The best computing education in the world, available to the world. Got out already? Consider r/OMSA &amp; r/OMSCyberSecurity. ... Preparing ahead for CS 7641."
machine-learning,ML,"reddit OMSCS ""CS 7641""",r/OMSCS on Reddit: CS 7641 Prerequisites,https://www.reddit.com/r/OMSCS/comments/1864p24/cs_7641_prerequisites/,"I&#x27;m not sure what catalog you&#x27;re looking at, but in the Course Preparedness section (https://omscs.gatech.edu/cs-7641-machine-learning), it recommends an intro AI course under your belt. But there is no hard requirement for this course or any other course to have pre-reqs done."
machine-learning,ML,"reddit OMSCS ""CS 7641""",r/OMSCS on Reddit: CS 7641 - This class is a waste of time,https://www.reddit.com/r/OMSCS/comments/1ra2vd0/cs_7641_this_class_is_a_waste_of_time/,"While I do believe that <strong>learning to read and write research papers is the most valuable aspect of 7641, I do agree it was a lot of content with nearly no assistance lecture-wise</strong>. I learned after quiz 1 to deprioritize the lectures and instead ..."
machine-learning,ML,"reddit OMSCS ""CS 7641""",r/OMSCS on Reddit: Super frustrated with CS 7641: ML,https://www.reddit.com/r/OMSCS/comments/175udq3/super_frustrated_with_cs_7641_ml/,"84 votes, 65 comments. <strong>Almost half the semester is over and we have not received grades of even A1.</strong> In the syllabus, it is written that…"
machine-learning,ML,"reddit OMSCS ""CS 7641""",r/OMSCS on Reddit: CS 7641: Machine Learning Fall 2025 Experience,https://www.reddit.com/r/OMSCS/comments/1plyc76/cs_7641_machine_learning_fall_2025_experience/,"r/OMSCS · • 4mo ago · Quabbie · CS 7641 ML · This is not a thorough course review, just an info dump of my personal experience with ML this past Fall 2025 semester. I hope you find it marginally helpful, or at least somewhat entertaining. Our final grades were published today."
machine-learning,ML,"reddit OMSCS ""CS 7641""",r/OMSCS on Reddit: I wish I Knew: CS 7641 Machine Learning,https://www.reddit.com/r/OMSCS/comments/lob2vt/i_wish_i_knew_cs_7641_machine_learning/,"r/OMSCS · • 5y ago · retalaznstyle · Courses · As indicate on OMS Central, Machine learning is infamous for its &quot;hidden rubric&quot; on Assignments. Veterans of CS 7641, what did find out after Assignment 1 was graded, that you wish you knew before turning it in?"
machine-learning,ML,"reddit OMSCS ""CS 7641""","r/OMSCS on Reddit: CS 7641 Machine Learning Review, Spring 2022",https://www.reddit.com/r/OMSCS/comments/uoqpz1/cs_7641_machine_learning_review_spring_2022/,"Consider r/OMSA &amp; r/OMSCyberSecurity. ... This is a tough class. I will not go through the typical breakdown of material, assignments, etc. Others have done that, and the syllabi and lectures are available online. Instead, I will take a different approach. Many have asked how Machine Learning CS 7641 (ML) compares to the AI course."
machine-learning,ML,"reddit OMSCS ""CS 7641"" workload",r/OMSCS on Reddit: Is it just me or is CS 7641 literally twice the workload of other classes?,https://www.reddit.com/r/OMSCS/comments/lzvsv1/is_it_just_me_or_is_cs_7641_literally_twice_the/,"<strong>ML is like half of BD4H or IHPC workload, 2/3 of DL workload</strong>."
machine-learning,ML,"reddit OMSCS ""CS 7641"" workload",r/OMSCS on Reddit: CS 7641: Machine Learning Fall 2025 Experience,https://www.reddit.com/r/OMSCS/comments/1plyc76/cs_7641_machine_learning_fall_2025_experience/,Workload was pretty high - probably <strong>30-40hrs per assignment</strong>. I didn’t do any all nighters but had to reschedule a bunch of personal stuff to keep basically every weekend free.
machine-learning,ML,"reddit OMSCS ""CS 7641"" workload",r/OMSCS on Reddit: CS 7641: Machine Learning Preparation,https://www.reddit.com/r/OMSCS/comments/1k5ist9/cs_7641_machine_learning_preparation/,"17 votes, 27 comments. Hey Guys, I&#x27;m taking Machine Learning this summer and wanted to get a head start before the semester begins. I looked at the…"
machine-learning,ML,"reddit OMSCS ""CS 7641"" workload",Admitted to OMSCS? Let’s get to work! | by Mohamed Ameen | Medium,https://medium.com/@mohamedameen93/omscs-course-plan-3f75750377bd,PS: This plan has been updated after receiving some comments on Reddit. Term #1: Spring 2019 (Workload: 37 hrs - Difficulty: 8.3/10.0) CS 7641: Machine Learning Average workload: <strong>21 hrs</strong>.
machine-learning,ML,"reddit OMSCS ""CS 7641"" workload",r/OMSCS on Reddit: Is it still easy to get a B in CS 7641 Machine Learning?,https://www.reddit.com/r/OMSCS/comments/1b3kaeb/is_it_still_easy_to_get_a_b_in_cs_7641_machine/,"35 votes, 23 comments. Debating on withdrawing from CS 7641. I remember from the grade distribution that the vast majority of folks got Bs that took…"
machine-learning,ML,"reddit OMSCS ""CS 7641"" workload",r/OMSCS on Reddit: CS 7641 - This class is a waste of time,https://www.reddit.com/r/OMSCS/comments/1ra2vd0/cs_7641_this_class_is_a_waste_of_time/,"... I&#x27;m in the class with you. I understand the &quot;you get out what you put in&quot; take with this class and overall, I agree with it, the problem is the bare minimum of effort is still requiring <strong>20+ hours a week</strong>."
machine-learning,ML,"reddit OMSCS ""CS 7641"" workload",r/OMSCS on Reddit: Finished Machine Learning CS7641 with A,https://www.reddit.com/r/OMSCS/comments/1keksvq/finished_machine_learning_cs7641_with_a/,"Im dying to know how far off the level you finish the normal ms at is from omscs, feels like we&#x27;re getting the kiddy version ms More replies ... Have to echo this, doesn’t feel like I was evaluated to the caliber of a top CS school. On-campus 7641 is here: https://mahdi-roozbahani.github.io/CS46417641-fall2023/"
machine-learning,ML,"reddit OMSCS ""CS 7641"" workload",r/OMSCS on Reddit: Why CS7641 is an awesome class and some tips to succeed.,https://www.reddit.com/r/OMSCS/comments/18oc5ad/why_cs7641_is_an_awesome_class_and_some_tips_to/,"CS 7641 - This class is a waste of time · r/OMSCS • · upvotes · · comments · CS7650 suggestions on studying · r/OMSCS • · upvotes · · comments · CLF-C02 Exam Difficulty, My Study Path, and Assistance for Those Who Want It · r/AWSCertifications • ·"
machine-learning,ML,"reddit OMSCS ""CS 7641"" workload",r/OMSCS on Reddit: Order of difficulty for Machine Learning CS7641 projects,https://www.reddit.com/r/OMSCS/comments/1nfsssw/order_of_difficulty_for_machine_learning_cs7641/,I’m currently in CS 7641 machine learning and our assignment 1 out of 4 is due next week. I’m finding this assignment extremely time consuming and…
machine-learning,ML,"reddit OMSCS ""CS 7641"" workload",r/OMSCS on Reddit: Should I Take CS 7641 (Machine Learning) or CS 6601 (AI) First?,https://www.reddit.com/r/OMSCS/comments/1ij5mcn/should_i_take_cs_7641_machine_learning_or_cs_6601/,I also leetcode for fun sometimes so the optimization part was fairly easy. You can easily can an A in the class from reading pseudo code and implementing it though. This method should get you to <strong>90 or 95% on the first 2/3 assignments</strong>.
machine-learning,ML,"reddit OMSCS ""CS 7641"" difficulty",r/OMSCS on Reddit: Order of difficulty for Machine Learning CS7641 projects,https://www.reddit.com/r/OMSCS/comments/1nfsssw/order_of_difficulty_for_machine_learning_cs7641/,"... I’m currently in CS 7641 machine learning and our assignment 1 out of 4 is due next week. I’m finding this assignment <strong>extremely time consuming and challenging</strong>, even more so than Reinforcement learning."
machine-learning,ML,"reddit OMSCS ""CS 7641"" difficulty",r/OMSCS on Reddit: CS 7641 - This class is a waste of time,https://www.reddit.com/r/OMSCS/comments/1ra2vd0/cs_7641_this_class_is_a_waste_of_time/,Im in CS 7641 this semester as well. I personally like the course but thats just me. I am behind on the reading and lectures. I work full-time so I dont have enough time to do the reading and the lectures. This last report was brutal for me. I was up until 4am finishing the report then up by 7am for work. When I started the OMSCS ...
machine-learning,ML,"reddit OMSCS ""CS 7641"" difficulty",r/OMSCS on Reddit: Advice about CS 7641,https://www.reddit.com/r/OMSCS/comments/x89da6/advice_about_cs_7641/,I&#x27;m currently in my first semester and I chose to take the CS 7641 course. I&#x27;m looking through the material and <strong>it seems way harder than I expected</strong>. I am pretty sure I missed out on a perquisite course which is why the material seems so difficult ...
machine-learning,ML,"reddit OMSCS ""CS 7641"" difficulty",r/OMSCS on Reddit: Should I Take CS 7641 (Machine Learning) or CS 6601 (AI) First?,https://www.reddit.com/r/OMSCS/comments/1ij5mcn/should_i_take_cs_7641_machine_learning_or_cs_6601/,"r/OMSCS • 1y ago · AymenFinTech · CS 7641 ML · Hey everyone, I’m trying to figure out whether to take CS 7641 (Machine Learning) or CS 6601 (Artificial Intelligence) first. For those who have taken both, does the order matter? Would taking one first make the other easier? I’m particularly curious about how they compare in terms of: Python coding · Math involved - How heavy the math gets · Time needed per week · How difficult the concepts are to grasp ·"
machine-learning,ML,"reddit OMSCS ""CS 7641"" difficulty",r/OMSCS on Reddit: Is it still easy to get a B in CS 7641 Machine Learning?,https://www.reddit.com/r/OMSCS/comments/1b3kaeb/is_it_still_easy_to_get_a_b_in_cs_7641_machine/,"35 votes, 23 comments. Debating on withdrawing from CS 7641. I remember from the grade distribution that the vast majority of folks got Bs that took…"
machine-learning,ML,"reddit OMSCS ""CS 7641"" difficulty",r/OMSCS on Reddit: Super frustrated with CS 7641: ML,https://www.reddit.com/r/OMSCS/comments/175udq3/super_frustrated_with_cs_7641_ml/,"84 votes, 65 comments. Almost half the semester is over and we have not received grades of even A1. In the syllabus, it is written that…"
machine-learning,ML,"reddit OMSCS ""CS 7641"" difficulty",r/OMSCS on Reddit: CS 7641: Machine Learning Preparation,https://www.reddit.com/r/OMSCS/comments/1k5ist9/cs_7641_machine_learning_preparation/,Cs 7641 Machine Learning homework · r/OMSCS • · upvotes · · comments · Order of difficulty for Machine Learning CS7641 projects · r/OMSCS • · upvotes · · comments · Finished Machine Learning CS7641 with A · r/OMSCS • · upvotes · · comments · CS-341 Computer Graphics Lab: Schedule and Attendance Requirement?
machine-learning,ML,"reddit OMSCS ""CS 7641"" difficulty",r/OMSCS on Reddit: I know it's difficult to get an A in CS 7641: Machine Learning. Is it also difficult to get a B?,https://www.reddit.com/r/OMSCS/comments/p030zo/i_know_its_difficult_to_get_an_a_in_cs_7641/,"<strong>ML is a hard class to get a very high numerical score in</strong>. However if one does the assignments and watches the lectures, it&#x27;s not hard to get a B, or even an A. Read the pinned posts on #cs7641 for suggestions on how to do well and you&#x27;ll be fine."
machine-learning,ML,"reddit OMSCS ""CS 7641"" difficulty",r/OMSCS on Reddit: CS 7641: Machine Learning Fall 2025 Experience,https://www.reddit.com/r/OMSCS/comments/1plyc76/cs_7641_machine_learning_fall_2025_experience/,How does the course difficulty for those who graduated with a CS undergrad? r/OMSCS • · upvotes · · comments · Need genuine advice for CS 7641 (ML) prepareness · r/OMSCS • · upvotes · · comments · Preparing for CS6515 Introduction to Graduate Algorithms in advance ·
machine-learning,ML,"reddit OMSCS ""CS 7641"" difficulty",r/OMSCS on Reddit: Taking CS 7641 - Machine Learning but not actually learning anything,https://www.reddit.com/r/OMSCS/comments/1dlhzxd/taking_cs_7641_machine_learning_but_not_actually/,"29 votes, 36 comments. Currently taking ML over summer and have been struggling hard. I even finished 3 weeks worth of lectures before class started…"
machine-learning,ML,"reddit OMSCS ""CS 7641"" review","r/OMSCS on Reddit: CS 7641 Machine Learning Review, Spring 2022",https://www.reddit.com/r/OMSCS/comments/uoqpz1/cs_7641_machine_learning_review_spring_2022/,"48 votes, 20 comments. <strong>This is a tough class</strong>. I will not go through the typical breakdown of material, assignments, etc. Others have done that, and…"
machine-learning,ML,"reddit OMSCS ""CS 7641"" review",r/OMSCS on Reddit: CS 7641: Machine Learning Preparation,https://www.reddit.com/r/OMSCS/comments/1k5ist9/cs_7641_machine_learning_preparation/,"fwiw when I looked into this matter previously (in the scope of &quot;ML more generally,&quot; rather than the &quot;OMSCS ML course particularly,&quot; roughly along the lines of &quot;best textbook to use to learn ML&quot;), this was more or less the conclusion on that front, too... Regardless, really appreciate your insight here, and duly noted for (near-)future reference! 😁 ... FYI there&#x27;s a newer third edition available, too, though it&#x27;s already pushing 3+ years territory even then. But generally well regarded from what I can tell from cursory reviews and such."
machine-learning,ML,"reddit OMSCS ""CS 7641"" review",r/OMSCS on Reddit: CS 7641 - This class is a waste of time,https://www.reddit.com/r/OMSCS/comments/1ra2vd0/cs_7641_this_class_is_a_waste_of_time/,Im in CS 7641 this semester as well. I personally like the course but thats just me. I am behind on the reading and lectures. I work full-time so I dont have enough time to do the reading and the lectures. This last report was brutal for me. I was up until 4am finishing the report then up by 7am for work. When I started the OMSCS ...
machine-learning,ML,"reddit OMSCS ""CS 7641"" review",r/OMSCS on Reddit: (Part 2/2) My experience/review on CS 7641: Machine Learning,https://www.reddit.com/r/OMSCS/comments/rw7tae/part_22_my_experiencereview_on_cs_7641_machine/,CS 7641: Machine Learning Preparation · r/OMSCS • · upvotes · · comments · Finished Machine Learning CS7641 with A · r/OMSCS • · upvotes · · comments · Cs 7641 Machine Learning homework · r/OMSCS • · upvotes · · comments · Should I Take CS 7641 (Machine Learning) or CS 6601 (AI) First?
machine-learning,ML,"reddit OMSCS ""CS 7641"" review",r/OMSCS on Reddit: Why CS7641 is an awesome class and some tips to succeed.,https://www.reddit.com/r/OMSCS/comments/18oc5ad/why_cs7641_is_an_awesome_class_and_some_tips_to/,r/OMSCS · • 2y ago · suzaku18393 ... this course: <strong>This class will go down as one of my favorite classes in the program and I probably learnt more in this than all my 4 other courses taken till date combined</strong>....
machine-learning,ML,"reddit OMSCS ""CS 7641"" review",r/OMSCS on Reddit: Is it just me or is CS 7641 literally twice the workload of other classes?,https://www.reddit.com/r/OMSCS/comments/lzvsv1/is_it_just_me_or_is_cs_7641_literally_twice_the/,"16 votes, 58 comments. <strong>The projects aren&#x27;t bad but are time consuming, but the volume/depth of lectures is off the charts</strong>. By the time I&#x27;m done with…"
machine-learning,ML,"reddit OMSCS ""CS 7641"" review",r/OMSCS on Reddit: CS 7641: Machine Learning Fall 2025 Experience,https://www.reddit.com/r/OMSCS/comments/1plyc76/cs_7641_machine_learning_fall_2025_experience/,I have a confession to make. I didn’t submit any reviewer responses or problem set. 🤫 ... Glad you had a good experience. For me it was my worst OMSCS class
machine-learning,ML,"reddit OMSCS ""CS 7641"" review",r/OMSCS on Reddit: Advice about CS 7641,https://www.reddit.com/r/OMSCS/comments/x89da6/advice_about_cs_7641/,That class is a beast. It’s the equivalent to CS 4641. Some of my friends took it and they dropped it.
machine-learning,ML,"reddit OMSCS ""CS 7641"" review",r/OMSCS on Reddit: Should I Take CS 7641 (Machine Learning) or CS 6601 (AI) First?,https://www.reddit.com/r/OMSCS/comments/1ij5mcn/should_i_take_cs_7641_machine_learning_or_cs_6601/,I also leetcode for fun sometimes so the optimization part was fairly easy. You can easily can an A in the class from reading pseudo code and implementing it though. <strong>This method should get you to 90 or 95% on the first 2/3 assignments</strong>.
machine-learning,ML,"reddit OMSCS ""CS 7641"" review",r/OMSCS - (Part 1) My experience/review on CS 7641: Machine Learning,https://www.reddit.com/r/OMSCS/comments/rtn9hk/part_1_my_experiencereview_on_cs_7641_machine/,37 votes and 6 comments so far on Reddit
